car name,brand,year,mileage (km),location,transmission,plate type,rear camera,sun roof,auto retract mirror,electric parking brake,map navigator,vehicle stability control,keyless push start,sports mode,360 camera view,power sliding door,auto cruise control,price (Rp),instalment (Rp|Monthly),image_url
AYLA X 1.2,Daihatsu,2018,10.508,Jakarta Utara,Manual,even plate,0,0,0,0,0,0,0,0,0,0,0,101000000,2060000,https://www.mtf.co.id/media/image/thumbs/kendaraan/car/20180601/car20180601-3-730-530_thumb_c.jpg
AGYA G 1.2,Toyota,2019,30.404,Jakarta Barat,Manual,odd plate,0,0,0,0,0,0,0,0,0,0,0,117000000,2380000,https://kreditkerenbanget.com/imagecache/original/flNCy17057362885560QW2Y.webp
AYLA R DLX 1.2,Daihatsu,2017,53.151,Jakarta Selatan,Automatic,odd plate,0,0,0,0,0,0,0,0,0,0,0,115000000,2340000,https://encrypted-tbn0.gstatic.com/images?q=tbn:ANd9GcR-fL3Ia5FcFzU9XF-EEl65Qy7Tw39bOisz0Q&s
AGYA G TRD 1.2,Toyota,2019,46.182,Jakarta Utara,Manual,odd plate,0,0,0,0,0,0,0,0,0,0,0,118000000,2400000,https://imgcdn.oto.com/medium/gallery/exterior/38/1732/toyota-agya-84768.jpg
MOBILIO E 1.5,Honda,2018,45.376,Jakarta Timur,Manual,odd plate,0,0,0,0,0,0,0,0,0,0,0,155000000,3160000,https://imgcdn.oto.com/large/gallery/exterior/14/98/honda-mobilio-front-angle-low-view-192461.jpg
AYLA R 1.2,Daihatsu,2017,61.937,Jakarta Timur,Manual,odd plate,0,0,0,0,0,0,0,0,0,0,0,105500000,2150000,"https://imgx.gridoto.com/crop/0x161:1095x843/700x465/filters:watermark(file/2017/gridoto/img/watermark_otomotifnet.png,5,5,60)/photo/2021/12/27/whatsapp-image-2021-12-27-at-20-20211227081648.jpeg"
CR-V TURBO 1.5,Honda,2017,75.302,Jakarta Utara,Automatic,even plate,0,0,0,1,0,0,1,0,0,0,0,340000000,6930000,https://imgcdn.oto.com/medium/gallery/exterior/14/2790/honda-cr-v-2023-22812.jpg
ALMAZ LT LUX 1.5,Wuling,2019,50.387,Jakarta Timur,Automatic,odd plate,0,1,1,0,0,0,0,0,0,0,0,202000000,4120000,https://carikendaraan.com/images/big/476571507_IMG-20200307-WA0008.jpg
XPANDER ULTIMATE 1.5,Mitsubishi,2019,72.887,Jakarta Utara,Automatic,even plate,0,0,1,0,0,0,0,0,0,0,1,216000000,4400000,https://assets.mitsubishi-motors.co.id/compress/products/colors/1642135848-ultimate-white-at-2x-minpng.webp
HR-V E 1.5,Honda,2019,35.177,Jakarta Timur,Automatic,odd plate,0,0,0,1,0,0,1,0,0,0,0,248000000,5050000,https://img.cintamobil.com/resize/600x-/2022/08/17/20220817125945-90ef.png
OUTLANDER SPORT PX 2.0,Mitsubishi,2018,57.23,Jakarta Timur,Automatic,odd plate,1,0,1,0,0,0,0,0,0,0,0,228000000,4650000,https://mocil.id/uploads/vehicle/size-md-thumb-350--FoFcVPGyVs7DMTNBQUFPBnlAP5HOuSuqYCVwxoMk.jpg
OUTLANDER SPORT GLS 2.0,Mitsubishi,2014,133.127,Jakarta Utara,Automatic,odd plate,0,0,0,0,0,0,0,1,0,0,0,157000000,3200000,https://imgcdn.oto.com/large/gallery/exterior/28/364/mitsubishi-outlander-sport-front-angle-low-view-408849.jpg
AVANZA G 1.3,Toyota,2016,98.478,Jakarta Barat,Manual,even plate,0,0,0,0,0,0,0,0,0,0,0,143000000,2910000,https://imgcdn.oto.com/large/gallery/exterior/38/1654/toyota-avanza-front-angle-low-view-844132.jpg
AYLA R 1.2,Daihatsu,2018,85.184,Jakarta Pusat,Automatic,odd plate,0,0,0,0,0,0,0,0,0,0,0,117000000,2380000,https://encrypted-tbn0.gstatic.com/images?q=tbn:ANd9GcR4_w_txbhjDjQssWJtbbm-LLMYm1BU8O6X2Q&s
CR-V TURBO 1.5,Honda,2017,64.558,Jakarta Selatan,Automatic,odd plate,0,0,1,0,0,0,0,0,0,0,0,335000000,6830000,https://imgcdn.oto.com/medium/gallery/exterior/14/2790/honda-cr-v-2023-22812.jpg
KIJANG INNOVA REBORN G 2.0,Toyota,2017,51.254,Jakarta Barat,Manual,even plate,0,0,0,0,0,0,0,1,0,0,0,242000000,4930000,https://cdn.quicksell.co/-MTiWg9rwTFoT2TP9MYc/products/-N2KNCukCGXc3RtK5bkA.jpg
BRIO SATYA E 1.2,Honda,2018,36.455,Jakarta Barat,Automatic,odd plate,0,0,0,0,0,0,0,1,0,0,0,139000000,2830000,https://imgcdn.oto.com/large/gallery/exterior/14/1995/honda-brio-front-angle-low-view-700459.jpg
FORTUNER VRZ 2.4,Toyota,2016,94.919,Jakarta Selatan,Automatic,even plate,0,0,1,0,0,0,0,0,0,0,0,365000000,7440000,https://images.autofun.co.id/file1/1558a8055879406eb933185507ddae57_1125x630.jpg
GRAND LIVINA XV 1.5,Nissan,2018,98.416,Jakarta Utara,Automatic,odd plate,1,0,0,0,0,0,0,0,0,0,0,148000000,3020000,https://www.static-src.com/wcsstore/Indraprastha/images/catalog/full//97/MTA-72677022/nissan_nissan_grand_livina_1-5_xv_at_2013_silver_full01_j19ym7r9.jpg
AGYA G TRD 1.2,Toyota,2019,56.303,Jakarta Utara,Automatic,even plate,0,0,0,0,0,0,0,0,0,0,0,128000000,2610000,"https://imgx.gridoto.com/crop/85x97:1109x609/700x465/filters:watermark(file/2017/gridoto/img/watermark_otomotifnet.png,5,5,60)/photo/2020/05/03/2001940669.jpeg"
HR-V S 1.5,Honda,2019,60.978,Jakarta Timur,Automatic,even plate,0,0,1,0,0,1,0,0,0,0,0,231000000,4710000,https://hondamuliacianjur.co.id/wp-content/uploads/2023/01/Screen-Shot-2023-01-05-at-09.34.13.png
CONFERO S 1.5,Wuling,2019,32.63,Jakarta Barat,Manual,even plate,0,0,0,0,0,0,0,0,0,0,0,104000000,2120000,https://imgcdn.oto.com/medium/gallery/exterior/110/1644/wuling-confero-48792.jpg
KIJANG INNOVA REBORN VENTURER GASOLINE 2.0,Toyota,2017,89.898,Jakarta Utara,Automatic,even plate,0,0,1,0,0,0,0,1,0,0,0,316000000,6440000,https://www.static-src.com/wcsstore/Indraprastha/images/catalog/full//95/MTA-54075244/toyota_toyota_innova_2-0_venturer_mt_2019_hitam_full01_fiziuenv.jpg
BALENO HATCHBACK 1.4,Suzuki,2019,72.458,Jakarta Timur,Automatic,odd plate,0,0,1,0,0,0,1,0,0,0,0,176000000,3590000,https://encrypted-tbn0.gstatic.com/images?q=tbn:ANd9GcSROgvN-4YR29pUx-iIQ4Z54iQbSTIucQuRqw&s
XPANDER ULTIMATE 1.5,Mitsubishi,2018,57.815,Jakarta Barat,Automatic,even plate,0,0,1,0,0,1,0,0,0,0,0,210000000,4280000,https://assets.mitsubishi-motors.co.id/compress/products/colors/1642135848-ultimate-white-at-2x-minpng.webp
AYLA X 1.0,Daihatsu,2018,28.113,Jakarta Utara,Manual,even plate,0,0,0,0,0,0,0,0,0,0,0,100000000,2040000,https://imgcdn.oto.com/large/gallery/exterior/7/1731/daihatsu-ayla-front-angle-low-view-269225.jpg
ALMAZ LT LUX 1.5,Wuling,2019,41.998,Jakarta Barat,Automatic,even plate,0,1,1,0,0,0,0,0,0,0,0,203000000,4139999,https://www.static-src.com/wcsstore/Indraprastha/images/catalog/full/MTA-3270912/wuling_wuling-almaz-1-5-l-t-lux-mobil_full47.jpg
TERIOS X 1.5,Daihatsu,2015,115.866,Jakarta Utara,Manual,even plate,0,0,0,0,0,0,0,0,0,0,0,148000000,3020000,https://imgx.gridoto.com/crop/16x0:2075x1250/700x465/photo/gridoto/2017/11/29/783534091.jpg
AYLA X ELEGANT 1.0,Daihatsu,2017,34.014,Jakarta Utara,Manual,odd plate,0,0,0,0,0,0,0,0,0,0,0,96000000,1960000,https://encrypted-tbn0.gstatic.com/images?q=tbn:ANd9GcTS12HLlVLik9tnM0X92pJ4dhIys1ScAENlsQ&s
KIJANG INNOVA G 2.0,Toyota,2022,25.226,Jakarta Utara,Automatic,even plate,0,0,1,0,0,1,0,0,0,0,0,360000000,7330000,https://images.autofun.co.id/file1/c54b6a27cfcd43a59051c880cab6dd6a_1125x630.jpg
CORTEZ L T LUX 1.5,Wuling,2021,32.32,Jakarta Utara,Automatic,even plate,0,1,1,0,0,0,0,0,0,0,0,206000000,4200000,https://www.static-src.com/wcsstore/Indraprastha/images/catalog/full//94/MTA-40078631/wuling_wuling_full05.jpg
PAJERO SPORT DAKAR 4X2 2.4,Mitsubishi,2016,95.178,Jakarta Timur,Automatic,even plate,0,1,1,0,0,0,0,0,0,0,0,390000000,7950000,https://images.tokopedia.net/img/cache/700/VqbcmM/2023/2/23/1b80cb97-ec5e-4d52-85ae-b4072313fc6c.png
XL7 ALPHA 1.5,Suzuki,2020,51.694,Jakarta Utara,Automatic,odd plate,0,0,1,0,0,1,0,0,0,0,0,210000000,4280000,https://encrypted-tbn0.gstatic.com/images?q=tbn:ANd9GcSHjJC0fUu4vTlGZYjAN6dfXdNkiv2PSor78g&s
AYLA X 1.0,Daihatsu,2020,56.96,Jakarta Utara,Manual,odd plate,0,0,0,0,0,0,0,0,0,0,0,100000000,2040000,https://images.ibid.astra.co.id/ibid/acvpro/158365/img/98740e684e7f023de538eaa224d3740a.png
YARIS G 1.5,Toyota,2019,65.003,Jakarta Barat,Automatic,even plate,0,0,0,0,0,1,0,1,0,0,0,191000000,3890000,https://encrypted-tbn0.gstatic.com/images?q=tbn:ANd9GcQlVXoBTpnkecLnM2FXhy1-o5IN4kxR8Bq0og&s
HR-V E 1.5,Honda,2018,41.32,Jakarta Utara,Automatic,even plate,0,0,1,1,0,0,0,0,0,0,0,232000000,4730000,"https://imgx.gridoto.com/crop/0x0:5447x3598/700x465/filters:watermark(file/2017/gridoto/img/watermark.png,5,5,60)/photo/2018/12/20/49296503.jpg"
RUSH S GR SPORT 1.5,Toyota,2021,58.598,Jakarta Selatan,Automatic,odd plate,1,0,1,0,0,0,0,0,0,0,0,239000000,4870000,https://www.toyota.astra.co.id//sites/default/files/2024-04/1%20White.png
AYLA R 1.2,Daihatsu,2019,57.138,Jakarta Barat,Manual,odd plate,0,0,0,0,0,0,0,0,0,0,0,115000000,2340000,https://images.autofun.co.id/file1/9238111d4078455f89bdceac92cb93a7_1125x630.jpg
AYLA R 1.2,Daihatsu,2019,17.916,Jakarta Timur,Manual,even plate,0,0,0,0,0,0,0,0,0,0,0,117000000,2380000,https://img.mobilmo.com/2021/01/11/UOgDFPLZ/daihatsu-ayla-1-2-r-deluxe-at-2020-samping-f80c.png
AYLA R DLX 1.2,Daihatsu,2019,33.635,Jakarta Timur,Manual,odd plate,0,0,0,0,0,0,0,0,0,0,0,115000000,2340000,https://encrypted-tbn0.gstatic.com/images?q=tbn:ANd9GcRSPVFo4_osKW8CtOgFHsmJR3bGR8MtqIr7MA&s
AGYA G 1.0,Toyota,2016,76.931,Jakarta Timur,Manual,even plate,0,0,0,0,0,0,0,0,0,0,0,95000000,1940000,https://encrypted-tbn0.gstatic.com/images?q=tbn:ANd9GcRVdxddu-McXPW60jW4vkh5cr2ZVmDxG2AC4w&s
AYLA X 1.0,Daihatsu,2017,93.445,Jakarta Pusat,Manual,even plate,0,0,0,0,0,0,0,0,0,0,0,93000000,1890000,https://imgcdn.oto.com/large/gallery/exterior/7/1731/daihatsu-ayla-front-angle-low-view-269225.jpg
CORTEZ T LUX 1.5,Wuling,2019,72.65,Jakarta Timur,Automatic,odd plate,0,1,0,1,0,0,0,0,0,0,0,178000000,3630000,https://imgcdn.oto.com/medium/gallery/exterior/110/1643/wuling-cortez-62378.jpg
XPANDER ULTIMATE 1.5,Mitsubishi,2018,98.742,Jakarta Timur,Automatic,even plate,0,0,1,0,0,1,0,0,0,0,0,211000000,4300000,https://assets.mitsubishi-motors.co.id/compress/products/colors/1642135848-ultimate-white-at-2x-minpng.webp
IGNIS GL 1.2,Suzuki,2019,26.233,Jakarta Timur,Manual,even plate,0,0,0,0,0,0,0,0,0,0,0,119000000,2420000,https://www.suzuki.co.id/uploads/automobile/FA-DI-Ignis_Hero_Angle-1-GL-Red-min4.jpg
BALENO HATCHBACK 1.4,Suzuki,2017,24.032,Jakarta Selatan,Manual,even plate,0,0,1,0,0,0,1,0,0,0,0,152000000,3100000,https://asl-prd-prod-cdn.autopedia.id/photobooth/2024/09/06/c7e6c697-7508-4784-accd-d06d03401e89._1725616341339.webp
RUSH S TRD 1.5,Toyota,2018,67.595,Jakarta Barat,Automatic,odd plate,0,0,1,0,0,1,0,0,0,0,0,211000000,4300000,https://encrypted-tbn0.gstatic.com/images?q=tbn:ANd9GcQngxC6KTYxFP7lIQY7nV3Nt5eWXaBF3y8yZA&s
TERIOS X DLX 1.5,Daihatsu,2019,70.234,Jakarta Timur,Manual,odd plate,1,0,0,0,0,0,0,0,0,0,0,192000000,3910000,https://www.mtf.co.id/media/image/thumbs/kendaraan/car/20180531/car20180531-daihatsu_new20t-730-530_thumb_c.jpg
HR-V E 1.5,Honda,2016,65.219,Jakarta Utara,Automatic,even plate,0,0,1,0,0,0,0,0,0,0,0,210000000,4280000,"https://imgx.gridoto.com/crop/0x0:5447x3598/700x465/filters:watermark(file/2017/gridoto/img/watermark.png,5,5,60)/photo/2018/12/20/49296503.jpg"
ROCKY R 1.0,Daihatsu,2021,22.709,Jakarta Timur,Automatic,even plate,1,0,1,0,0,0,0,0,0,0,0,218000000,4440000,https://imgcdn.oto.com/medium/gallery/exterior/7/2366/daihatsu-rocky-99265.jpg
SIENTA Q 1.5,Toyota,2018,64.808,Jakarta Barat,Automatic,even plate,0,0,1,0,0,0,0,0,0,1,0,199000000,4050000,https://imgcdn.oto.com/large/gallery/exterior/38/1316/toyota-sienta-front-angle-low-view-433415.jpg
IGNIS GX 1.2,Suzuki,2017,103.106,Jakarta Pusat,Automatic,even plate,0,0,1,0,0,0,1,0,0,0,0,129000000,2630000,https://www.static-src.com/wcsstore/Indraprastha/images/catalog/full//101/MTA-7474655/suzuki_suzuki_new_ignis_gx_1-2_mobil_full14_ro0rqalu.jpg
HR-V E PLUS 1.5,Honda,2018,27.308,Jakarta Barat,Automatic,odd plate,0,0,1,0,0,0,0,0,0,0,0,258000000,5260000,https://images.ibid.astra.co.id/ibid/acvpro/150218/img/98740e684e7f023de538eaa224d3740a.png
XPANDER SPORT 1.5,Mitsubishi,2019,70.969,Jakarta Selatan,Automatic,even plate,0,0,1,0,0,0,1,0,0,0,0,210000000,4280000,https://encrypted-tbn0.gstatic.com/images?q=tbn:ANd9GcSM2Pj2yZq0bL0pRIesYX-6OIRfLkBjFPsfBA&s
BR-V E 1.5,Honda,2016,119.436,Jakarta Utara,Automatic,even plate,0,0,1,0,0,0,0,1,0,0,0,164000000,3340000,https://encrypted-tbn0.gstatic.com/images?q=tbn:ANd9GcQNCeI35gM4QPk5vj53BLxqGhaa8V4WWmvSRA&s
HR-V E PLUS 1.5,Honda,2018,94.946,Jakarta Timur,Automatic,even plate,0,0,1,1,0,0,0,0,0,0,0,258000000,5260000,https://www.mocil.id/uploads/vehicle/4Qh3sjq0YFupPSY65RVZZ43PBaPEDa6WjtTUKGww.jpg
2 R SKYACTIV 1.5,Mazda,2015,117.682,Jakarta Timur,Automatic,even plate,0,0,1,0,0,1,0,0,0,0,0,166000000,3380000,https://imgcdn.oto.com/large/gallery/exterior/23/190/mazda-2-front-angle-low-view-869943.jpg
AGYA G 1.2,Toyota,2022,9.881,Jakarta Selatan,Manual,odd plate,0,0,1,0,0,0,0,0,0,0,0,136000000,2770000,https://kreditkerenbanget.com/imagecache/original/flNCy17057362885560QW2Y.webp
XPANDER ULTIMATE 1.5,Mitsubishi,2018,61.532,Jakarta Barat,Automatic,even plate,1,0,1,0,0,0,0,0,0,0,0,212000000,4320000,https://assets.mitsubishi-motors.co.id/compress/products/colors/1642135848-ultimate-white-at-2x-minpng.webp
LIVINA VL 1.5,Nissan,2019,83.691,Jakarta Pusat,Automatic,odd plate,1,0,1,0,0,0,0,0,0,0,0,199000000,4050000,https://imgcdn.oto.com/medium/gallery/exterior/29/2051/nissan-livina-31642.jpg
RUSH S TRD SPORTIVO 1.5,Toyota,2019,57.056,Jakarta Utara,Automatic,odd plate,0,0,1,0,0,1,0,0,0,0,0,219000000,4460000,https://imgcdn.oto.com/large/gallery/exterior/38/1900/toyota-rush-front-angle-low-view-732737.jpg
XENIA X STD 1.3,Daihatsu,2012,44.746,Jakarta Selatan,Manual,odd plate,0,0,0,0,0,0,0,0,0,0,0,102000000,2080000,https://imgcdnblog.carmudi.com.ph/wp-content/uploads/2021/11/23153412/Daihatsu-Xenia-1.3-X.jpg
XPANDER ULTIMATE 1.5,Mitsubishi,2018,93.142,Jakarta Timur,Automatic,odd plate,0,0,1,0,0,1,0,0,0,0,0,209000000,4260000,https://tokomobil.com/wp-content/uploads/2022/08/1-3-1080x577.png
CX-3 GT 2.0,Mazda,2019,32.13,Jakarta Barat,Automatic,odd plate,0,0,1,0,0,0,1,0,0,0,0,323000000,6580000,https://mocil.id/uploads/vehicle/size-md-thumb-350--dQDD0AvzQujrUvdjCgyKo9cfQZjuvVy9tRaVuJhQ.jpg
BRIO E 1.2,Honda,2016,48.751,Jakarta Pusat,Automatic,odd plate,0,0,0,0,0,0,0,0,0,0,0,131000000,2670000,"https://imgx.gridoto.com/crop/0x0:0x0/700x465/filters:watermark(file/2017/gridoto/img/watermark_otoseken.png,5,5,60)/photo/2020/11/16/4226788129.jpg"
PAJERO SPORT DAKAR ULTIMATE 4X2 2.4,Mitsubishi,2018,73.296,Jakarta Timur,Automatic,even plate,1,0,0,0,0,0,1,0,0,0,0,428000000,8720000,https://www.static-src.com/wcsstore/Indraprastha/images/catalog/full//116/MTA-57608998/mitsubishi_mitsubishi_pajero_sport_2-4_dakar_ultimate_4x2_at_2018_hitam_full01_tj2dt88r.jpg
CITY RS HATCHBACK 1.5,Honda,2021,46.694,Jakarta Barat,Automatic,even plate,0,0,1,0,0,0,0,0,0,0,0,262000000,5340000,https://www.honda-indonesia.com/uploads/images/models/variants/type__1614151106546.png
XPANDER ULTIMATE 1.5,Mitsubishi,2018,82.596,Jakarta Utara,Automatic,even plate,1,0,1,0,0,0,0,0,0,0,0,213000000,4340000,https://assets.mitsubishi-motors.co.id/compress/products/colors/1642135848-ultimate-white-at-2x-minpng.webp
IGNIS GX AGS 1.2,Suzuki,2018,125.114,Jakarta Pusat,Automatic,even plate,1,0,0,0,0,0,1,0,0,0,0,125000000,2550000,https://www.suzuki.co.id/uploads/automobile/FA-DI-Ignis-red4.png
RAIZE GR SPORT 1.0,Toyota,2021,18.599,Jakarta Timur,Automatic,odd plate,0,0,1,0,0,0,0,0,0,0,0,224000000,4560000,https://imgcdn.oto.com/medium/gallery/exterior/38/2367/toyota-raize-51212.jpg
BALENO HATCHBACK 1.4,Suzuki,2019,44.979,Jakarta Barat,Automatic,odd plate,0,0,1,0,0,0,1,0,0,0,0,181000000,3690000,https://mocil.id/uploads/vehicle/size-md-thumb-350--cgp3ZqD2Fp7rFl6tKuByJCCHmDcy1FdQsVAYySYt.jpg
BRIO SATYA E 1.2,Honda,2019,46.912,Jakarta Selatan,Automatic,odd plate,0,0,0,0,0,0,0,1,0,0,0,156000000,3180000,https://images.tokopedia.net/img/cache/700/attachment/2021/10/26/162839454/162839454_010b8699-cbf4-471f-8d1e-0bcb4c50f051.jpg
X-TRAIL 2.5,Nissan,2015,92.536,Jakarta Timur,Automatic,odd plate,0,0,0,0,1,0,0,0,1,0,0,199000000,4050000,https://autonetmagz.com/wp-content/uploads/2016/05/Review-test-drive-All-New-Nissan-X-Trail.png
BRIO SATYA E 1.2,Honda,2017,24.658,Jakarta Barat,Automatic,even plate,0,0,0,0,0,0,0,1,0,0,0,137000000,2790000,https://www.hondamitra.com/media/products/2024-01/Brio_-_Electric_Lime_Metallic_CKQIXi8.png
BRIO SATYA E 1.2,Honda,2019,55.43,Jakarta Timur,Automatic,odd plate,0,0,0,0,0,0,0,1,0,0,0,156000000,3180000,https://www.hondamitra.com/media/products/2024-01/Brio_-_Electric_Lime_Metallic_CKQIXi8.png
BRIO SATYA E 1.2,Honda,2014,40.516,Jakarta Barat,Manual,odd plate,0,0,0,0,0,0,0,0,0,0,0,106000000,2160000,https://www.hondamitra.com/media/products/2024-01/Brio_-_Electric_Lime_Metallic_CKQIXi8.png
CX-5 GT 2.5,Mazda,2019,16.763,Jakarta Barat,Automatic,odd plate,0,0,1,0,0,0,0,0,0,0,0,424000000,8640000,https://www.static-src.com/wcsstore/Indraprastha/images/catalog/full//106/MTA-65583484/mazda_mazda_cx-5_2-5_gt_skyactiv_at_2014_abu-abu_full01_sw3m37e9.jpg
MOBILIO RS 1.5,Honda,2020,70.213,Jakarta Utara,Automatic,odd plate,0,0,1,0,0,0,0,1,0,0,0,193000000,3930000,https://imgcdn.oto.com/large/gallery/exterior/14/98/honda-mobilio-front-angle-low-view-192461.jpg
XL7 BETA 1.5,Suzuki,2021,42.044,Jakarta Utara,Automatic,odd plate,0,0,1,0,0,1,0,0,0,0,0,209000000,4260000,https://www.mocil.id/uploads/vehicle/WGVmNxVmVaxW7mAPl0hL70qYPhhaEolesrmNwJ4U.jpg
ERTIGA SPORT GT 1.5,Suzuki,2019,25.127,Jakarta Selatan,Manual,odd plate,0,0,1,0,0,0,1,0,0,0,0,187000000,3810000,https://encrypted-tbn0.gstatic.com/images?q=tbn:ANd9GcR2JKqNBQpUypNRn0WMuPj5o8vITHfgn91slg&s
KIJANG INNOVA V 2.0,Toyota,2013,158.669,Jakarta Barat,Automatic,odd plate,0,0,1,0,0,0,0,0,0,0,0,178000000,3630000,https://imgcdn.oto.com/medium/gallery/exterior/38/1240/toyota-kijang-innova-67295.jpg
BRIO SATYA E 1.2,Honda,2020,22.928,Jakarta Utara,Automatic,odd plate,0,0,0,0,0,0,0,1,0,0,0,163000000,3320000,https://www.hondamitra.com/media/products/2024-01/Brio_-_Electric_Lime_Metallic_CKQIXi8.png
CX-5 ELITE 2.5,Mazda,2017,44.889,Jakarta Timur,Automatic,odd plate,0,0,1,0,0,0,0,0,0,0,0,373000000,7600000,https://encrypted-tbn0.gstatic.com/images?q=tbn:ANd9GcSTFbbSyUzram17-UBhE2TpvYgXnO6Rmgyt6g&s
SIENTA Q 1.5,Toyota,2017,112.207,Jakarta Barat,Automatic,odd plate,0,0,1,0,0,1,0,0,0,0,0,186000000,3790000,https://imgcdn.oto.com/large/gallery/exterior/38/1316/toyota-sienta-front-angle-low-view-433415.jpg
BRIO SATYA E 1.2,Honda,2018,35.961,Jakarta Utara,Automatic,odd plate,0,0,0,0,0,0,0,1,0,0,0,149000000,3040000,https://www.hondamitra.com/media/products/2024-01/Brio_-_Electric_Lime_Metallic_CKQIXi8.png
BRIO SATYA E 1.2,Honda,2016,97.128,Jakarta Utara,Automatic,odd plate,0,0,0,0,0,0,0,1,0,0,0,127000000,2590000,https://www.hondamitra.com/media/products/2024-01/Brio_-_Electric_Lime_Metallic_CKQIXi8.png
XPANDER SPORT 1.5,Mitsubishi,2018,80.941,Jakarta Barat,Automatic,odd plate,0,0,1,0,0,1,0,0,0,0,0,198000000,4030000,https://assets.mitsubishi-motors.co.id/compress/products/colors/1642135848-ultimate-white-at-2x-minpng.webp
KIJANG INNOVA REBORN G 2.0,Toyota,2017,89.457,Jakarta Timur,Automatic,even plate,0,0,1,0,0,0,0,0,0,0,0,251000000,5110000,https://cdn.quicksell.co/-MTiWg9rwTFoT2TP9MYc/products/-N2KNCukCGXc3RtK5bkA.jpg
BRIO SATYA E 1.2,Honda,2020,43.337,Jakarta Pusat,Automatic,odd plate,0,0,0,0,0,0,0,1,0,0,0,162000000,3300000,https://www.hondamitra.com/media/products/2024-01/Brio_-_Electric_Lime_Metallic_CKQIXi8.png
BR-V PRESTIGE 1.5,Honda,2019,41.412,Jakarta Selatan,Automatic,even plate,0,0,1,0,0,1,0,0,0,0,0,210000000,4280000,https://hondamuliacianjur.co.id/wp-content/uploads/2022/07/BR-V-Front-view_.png
HR-V E PLUS 1.5,Honda,2020,42.85,Jakarta Barat,Automatic,odd plate,0,0,1,1,0,0,0,0,0,0,0,282000000,5750000,https://www.mocil.id/uploads/vehicle/4Qh3sjq0YFupPSY65RVZZ43PBaPEDa6WjtTUKGww.jpg
XENIA R 1.3,Daihatsu,2017,109.214,Jakarta Utara,Automatic,odd plate,0,0,0,0,0,0,0,0,0,0,0,138000000,2810000,https://daihatsupanam.com/wp-content/uploads/2021/11/all-new-xenia-13-r-e1636832111271.png
CONFERO S 1.5,Wuling,2018,91.501,Jakarta Timur,Manual,even plate,1,0,0,0,0,0,0,0,0,0,0,105000000,2140000,https://encrypted-tbn0.gstatic.com/images?q=tbn:ANd9GcTvKq5U2CwcBh0w7VSTNUEuhrZCLVfhFJ6WhQ&s
BRIO SATYA E 1.2,Honda,2018,81.964,Jakarta Timur,Automatic,even plate,0,0,0,0,0,0,0,1,0,0,0,141000000,2870000,https://www.hondamitra.com/media/products/2024-01/Brio_-_Electric_Lime_Metallic_CKQIXi8.png
BR-V E 1.5,Honda,2019,21.707,Jakarta Timur,Automatic,even plate,0,0,1,0,0,0,0,1,0,0,0,203000000,4139999,https://hondamuliacianjur.co.id/product/honda-br-v-1-5l-type-e-prestige-cvt/
XPANDER ULTIMATE 1.5,Mitsubishi,2018,98.215,Jakarta Timur,Automatic,even plate,0,0,1,0,0,0,0,0,0,0,1,212000000,4320000,https://assets.mitsubishi-motors.co.id/compress/products/colors/1642135848-ultimate-white-at-2x-minpng.webp
RUSH S TRD SPORTIVO 1.5,Toyota,2018,30.977,Jakarta Timur,Automatic,odd plate,0,0,1,0,0,1,0,0,0,0,0,212000000,4320000,https://upload.wikimedia.org/wikipedia/commons/4/40/2016_Toyota_Rush_1.5_S_TRD_Sportivo_Ultimo_wagon_%28F700RE%3B_01-25-2019%29%2C_South_Tangerang.jpg
FORTUNER VRZ GR SPORT 2.8,Toyota,2022,15.713,Jakarta Timur,Automatic,odd plate,0,0,1,0,0,0,0,0,0,0,0,542000000,11040000,https://kreditkerenbanget.com/imagecache/original/GmP871705825717891xhrYO.webp
KIJANG INNOVA REBORN V 2.0,Toyota,2019,65.076,Jakarta Pusat,Automatic,even plate,1,0,1,0,0,0,0,0,0,0,0,315000000,6420000,https://blog-media.lifepal.co.id/app/uploads/sites/3/2021/09/03153322/kijang-innova-reborn-768x480.jpg
MOBILIO E 1.5,Honda,2014,91.739,Jakarta Barat,Automatic,even plate,0,0,0,0,0,0,0,1,0,0,0,132000000,2690000,https://imgcdn.oto.com/large/gallery/exterior/14/98/honda-mobilio-front-angle-low-view-192461.jpg
KIJANG INNOVA G 2.0,Toyota,2014,139.609,Jakarta Timur,Automatic,even plate,0,0,0,0,0,0,0,0,0,0,0,180000000,3670000,https://www.static-src.com/wcsstore/Indraprastha/images/catalog/full//catalog-image/96/MTA-144107591/toyota_toyota_full04.jpg
XPANDER ULTIMATE 1.5,Mitsubishi,2019,71.11,Jakarta Utara,Automatic,odd plate,0,0,1,0,0,0,0,0,0,0,1,222000000,4520000,https://assets.mitsubishi-motors.co.id/compress/products/colors/1642135848-ultimate-white-at-2x-minpng.webp
TERIOS X DLX 1.5,Daihatsu,2020,38.952,Jakarta Timur,Automatic,odd plate,1,0,0,0,0,0,0,0,0,0,0,204000000,4160000,https://www.mtf.co.id/media/image/thumbs/kendaraan/car/20180531/car20180531-daihatsu_new20t-730-530_thumb_c.jpg
BRIO SATYA E 1.2,Honda,2018,40.661,Jakarta Utara,Automatic,odd plate,0,0,0,0,0,0,0,1,0,0,0,146000000,2970000,https://www.hondamitra.com/media/products/2024-01/Brio_-_Electric_Lime_Metallic_CKQIXi8.png
XPANDER ULTIMATE 1.5,Mitsubishi,2018,65.729,Jakarta Selatan,Automatic,even plate,0,0,1,0,0,1,0,0,0,0,0,215000000,4380000,https://assets.mitsubishi-motors.co.id/compress/products/colors/1642135848-ultimate-white-at-2x-minpng.webp
XPANDER EXCEED 1.5,Mitsubishi,2019,64.707,Jakarta Pusat,Automatic,even plate,0,0,1,0,0,0,0,0,0,0,0,206000000,4200000,https://images.tokopedia.net/img/cache/700/VqbcmM/2021/12/13/ef6b7fd3-7bc5-47ef-839f-4bb51352f76b.jpg
AGYA G TRD 1.2,Toyota,2018,44.496,Jakarta Pusat,Automatic,odd plate,0,0,0,0,0,0,0,0,0,0,0,132000000,2690000,"https://imgx.gridoto.com/crop/85x97:1109x609/700x465/filters:watermark(file/2017/gridoto/img/watermark_otomotifnet.png,5,5,60)/photo/2020/05/03/2001940669.jpeg"
SERENA HIGHWAY STAR 2.0,Nissan,2019,31.62,Jakarta Timur,Automatic,even plate,0,0,1,0,0,0,1,0,0,0,0,326000000,6640000,https://encrypted-tbn0.gstatic.com/images?q=tbn:ANd9GcTYeZg_Mu28J5nCDUgIYj5LTYDo8tQRy1alAg&s
XENIA R DLX 1.3,Daihatsu,2014,48.788,Jakarta Timur,Manual,odd plate,0,0,0,0,0,0,0,0,0,0,0,124000000,2530000,https://encrypted-tbn0.gstatic.com/images?q=tbn:ANd9GcS9AtxBQwyZVAVBdZelnUfSeoduVVoaUhc0DQ&s
MOBILIO E 1.5,Honda,2015,112.025,Jakarta Barat,Automatic,even plate,1,0,1,0,0,0,0,0,0,0,0,141000000,2870000,https://imgcdn.oto.com/large/gallery/exterior/14/98/honda-mobilio-front-angle-low-view-192461.jpg
BRIO SATYA E 1.2,Honda,2020,28.648,Jakarta Utara,Automatic,odd plate,0,0,0,0,0,0,0,0,0,0,0,166000000,3380000,https://www.hondamitra.com/media/products/2024-01/Brio_-_Electric_Lime_Metallic_CKQIXi8.png
PAJERO SPORT DAKAR 4X2 2.4,Mitsubishi,2018,60.88,Jakarta Utara,Automatic,even plate,0,0,1,0,0,0,1,0,0,0,0,429000000,8740000,https://images.tokopedia.net/img/cache/700/VqbcmM/2023/2/23/1b80cb97-ec5e-4d52-85ae-b4072313fc6c.png
TERIOS R DLX 1.5,Daihatsu,2020,68.981,Jakarta Timur,Automatic,odd plate,0,0,1,0,0,0,0,0,1,0,0,217000000,4420000,https://www.mocil.id/uploads/vehicle/J1KKy8AtJxhdIHv7k5C2fZNaTAdSA3X2M5e2Olla.jpg
BRIO SATYA E 1.2,Honda,2018,43.996,Jakarta Selatan,Automatic,odd plate,1,0,0,0,0,0,0,1,0,0,0,144000000,2930000,https://www.hondamitra.com/media/products/2024-01/Brio_-_Electric_Lime_Metallic_CKQIXi8.png
AVANZA E 1.3,Toyota,2020,52.8,Jakarta Barat,Automatic,odd plate,0,0,0,0,0,0,0,0,0,0,0,172000000,3500000,https://imgcdn.oto.com/large/gallery/exterior/38/1654/toyota-avanza-front-angle-low-view-844132.jpg
FORTUNER VRZ 4X2 2.4,Toyota,2017,51.475,Jakarta Barat,Automatic,even plate,0,0,1,0,0,0,0,0,0,0,0,390000000,7950000,https://images.autofun.co.id/file1/1558a8055879406eb933185507ddae57_1125x630.jpg
KIJANG INNOVA REBORN G 2.0,Toyota,2017,46.01,Jakarta Selatan,Automatic,even plate,0,0,0,0,0,0,0,0,0,0,0,261000000,5320000,https://cdn.quicksell.co/-MTiWg9rwTFoT2TP9MYc/products/-N2KNCukCGXc3RtK5bkA.jpg
CX-5 HIGH 2.5,Mazda,2014,81.916,Jakarta Utara,Automatic,even plate,1,1,0,0,0,0,0,0,0,0,0,200000000,4080000,https://img.cintamobil.com/resize/600x-/2023/08/01/20230801234408-30d8.png
LIVINA VL 1.5,Nissan,2019,71.142,Jakarta Timur,Automatic,even plate,1,0,0,0,0,0,1,0,0,0,0,179000000,3650000,https://www.static-src.com/wcsstore/Indraprastha/images/catalog/full//102/MTA-22288557/nissan_nissan_full06.jpg
HR-V E 1.5,Honda,2016,93.048,Jakarta Selatan,Automatic,odd plate,0,0,0,1,0,0,0,0,0,0,0,195000000,3970000,https://www.hondamitra.com/media/products/2018-11/crystal_balck_pearl_b2gp56b.jpg
TERIOS R 1.5,Daihatsu,2018,93.935,Jakarta Pusat,Automatic,odd plate,0,0,0,0,0,1,1,0,0,0,0,187000000,3810000,https://images.tokopedia.net/img/cache/700/product-1/2019/12/13/36690692/36690692_8db2fb4a-c72e-46ae-9253-b7c14c4ad30c_700_700
KIJANG INNOVA REBORN G 2.0,Toyota,2017,63.309,Jakarta Pusat,Manual,even plate,0,0,0,0,0,0,0,1,0,0,0,236000000,4810000,https://cdn.quicksell.co/-MTiWg9rwTFoT2TP9MYc/products/-N2KNCukCGXc3RtK5bkA.jpg
LIVINA VL 1.5,Nissan,2019,51.618,Jakarta Timur,Automatic,even plate,0,0,1,0,0,0,1,0,0,0,0,206000000,4200000,https://www.static-src.com/wcsstore/Indraprastha/images/catalog/full//102/MTA-22288557/nissan_nissan_full06.jpg
MOBILIO RS 1.5,Honda,2018,36.06,Jakarta Utara,Automatic,even plate,0,0,1,0,0,0,0,1,0,0,0,173000000,3520000,https://imgcdn.oto.com/large/gallery/exterior/14/98/honda-mobilio-front-angle-low-view-192461.jpg
RUSH S TRD SPORTIVO 1.5,Toyota,2018,60.929,Jakarta Timur,Manual,even plate,0,0,1,0,0,0,1,0,0,0,0,198000000,4030000,https://imgcdn.oto.com/large/gallery/exterior/38/1900/toyota-rush-front-angle-low-view-732737.jpg
HR-V SE 1.5,Honda,2019,59.647,Jakarta Timur,Automatic,odd plate,0,0,1,1,0,0,0,0,0,0,0,258000000,5260000,https://imgcdn.oto.com/medium/gallery/exterior/14/2435/honda-hr-v-2022-70128.jpg
BRIO SATYA E 1.2,Honda,2018,71.172,Jakarta Utara,Automatic,odd plate,0,0,0,0,0,0,0,1,0,0,0,136000000,2770000,https://www.hondamitra.com/media/products/2024-01/Brio_-_Electric_Lime_Metallic_CKQIXi8.png
RUSH S 1.5,Toyota,2014,74.334,Jakarta Utara,Manual,odd plate,0,0,1,0,0,0,0,0,0,0,0,150000000,3060000,https://imgcdn.oto.com/large/gallery/exterior/38/1900/toyota-rush-front-angle-low-view-732737.jpg
AGYA G TRD 1.2,Toyota,2019,16.097,Jakarta Utara,Manual,even plate,0,0,0,0,0,0,0,0,0,0,0,122000000,2490000,"https://imgx.gridoto.com/crop/85x97:1109x609/700x465/filters:watermark(file/2017/gridoto/img/watermark_otomotifnet.png,5,5,60)/photo/2020/05/03/2001940669.jpeg"
FORTUNER G TRD 2.5,Toyota,2014,89.433,Jakarta Pusat,Automatic,odd plate,1,0,1,0,0,0,0,0,0,0,0,282000000,5750000,https://encrypted-tbn0.gstatic.com/images?q=tbn:ANd9GcQoDaKHwSElSNv6CQpzCgwx9x3FKs9QSAzm4g&s
HR-V S 1.5,Honda,2017,70.953,Jakarta Timur,Automatic,even plate,0,0,1,0,0,1,0,0,0,0,0,197000000,4010000,https://www.hondamitra.com/media/products/2018-11/Dark_Olive_Metallic_1.5L_uS7A7IV.jpg
CALYA G 1.2,Toyota,2019,71.766,Jakarta Utara,Manual,even plate,0,0,0,0,0,0,0,0,0,0,0,126000000,2570000,https://www.static-src.com/wcsstore/Indraprastha/images/catalog/full//catalog-image/103/MTA-138609192/toyota_toyota_full08.jpg
SX4 S-CROSS 1.5,Suzuki,2019,35.009,Jakarta Barat,Automatic,odd plate,0,0,1,0,0,0,0,0,0,0,0,192000000,3910000,https://www.static-src.com/wcsstore/Indraprastha/images/catalog/full//101/MTA-7474835/suzuki_suzuki_new_sx4_s-cross_1-5_mobil_full05_epf29d5v.jpg
KARIMUN GS 1.0,Suzuki,2017,93.534,Jakarta Barat,Manual,odd plate,0,0,0,0,0,0,0,0,0,0,0,92000000,1870000,https://encrypted-tbn0.gstatic.com/images?q=tbn:ANd9GcRl-8fjzKeZ3yp0OnXZSFRiHvJO0GzgDlhfVQ&s
TERIOS TX 1.5,Daihatsu,2014,101.93,Jakarta Timur,Manual,even plate,1,0,1,0,0,0,0,0,0,0,0,141000000,2870000,https://imgcdn.oto.com/large/gallery/exterior/7/1669/daihatsu-terios-front-angle-low-view-455545.jpg
SIGRA X 1.2,Daihatsu,2020,38.327,Jakarta Selatan,Automatic,even plate,0,0,0,0,0,0,0,0,0,0,0,131000000,2670000,https://imgcdn.oto.com/large/gallery/exterior/7/2234/daihatsu-sigra-front-angle-low-view-282430.jpg
ALMAZ LT LUX 1.5,Wuling,2019,53.501,Jakarta Barat,Automatic,odd plate,0,0,1,0,0,0,0,0,1,0,0,203000000,4139999,https://autofame.net/uploads/img/product/wuling-almaz-15-lt-lux-exclusive-cvt-at-5-seater-2019-fullspec-panoramic-sunroof-black-on-black-gress-like-new-4755.jpg
ERTIGA SPORT GT 1.5,Suzuki,2019,96.327,Jakarta Utara,Automatic,odd plate,0,0,1,0,0,1,0,0,0,0,0,192000000,3910000,https://encrypted-tbn0.gstatic.com/images?q=tbn:ANd9GcRNKeaefpm0Htbe7jwzynnW4pRPuW7awGQO0g&s
BRIO SATYA E 1.2,Honda,2021,49.424,Jakarta Barat,Automatic,even plate,0,0,0,0,0,0,0,1,0,0,0,164000000,3340000,https://img5.icarcdn.com/3091497/gallery_new-car-mobil123-honda-brio-satya-e-hatchback-indonesia_000003091497_0c044e00_b623_4b91_87fd_ee021c7bcebd.jpg?smia=xTM
IGNIS GX 1.2,Suzuki,2019,64.346,Jakarta Pusat,Automatic,even plate,0,0,1,0,0,0,0,1,0,0,0,141000000,2870000,https://www.mocil.id/uploads/vehicle/DrQZaSRCzgv9ayFGh5AqSpFUunjZJw5rNqRrabYs.jpg
HR-V E 1.5,Honda,2017,61.785,Jakarta Utara,Automatic,odd plate,0,0,1,0,0,0,0,0,0,0,0,219000000,4460000,https://www.static-src.com/wcsstore/Indraprastha/images/catalog/full//102/MTA-58404944/honda_honda_hrv_1-5_e_at_2017_silver_full01_jraj8n5f.jpg
CALYA G 1.2,Toyota,2019,54.702,Jakarta Utara,Manual,odd plate,0,0,0,0,0,0,0,0,0,0,0,122000000,2490000,https://encrypted-tbn0.gstatic.com/images?q=tbn:ANd9GcTOOxqmT5cSg3-pq9-iQUkGmJRVfnUdGLDkeg&s
YARIS S TRD 1.5,Toyota,2018,68.648,Jakarta Selatan,Manual,even plate,0,0,1,0,0,1,0,0,0,0,0,183000000,3730000,https://imgcdn.oto.com/medium/gallery/exterior/38/1924/toyota-yaris-17583.jpg
XPANDER ULTIMATE 1.5,Mitsubishi,2017,59.729,Jakarta Barat,Automatic,even plate,0,0,1,0,0,1,0,0,0,0,0,207000000,4220000,https://www.mocil.id/diamondsmartauto/uploads/vehicle/iIEgAo6cQ1c4kkii3Zjb9M9tSFV35CHJOgWRzaZZ.jpeg
MOBILIO E 1.5,Honda,2018,51.833,Jakarta Utara,Automatic,even plate,1,0,0,0,0,0,0,1,0,0,0,164000000,3340000,https://cdn.quicksell.co/-MTiWg9rwTFoT2TP9MYc/products/-N29T73Oti8FAefi0lLs.jpg
HR-V E 1.5,Honda,2019,39.444,Jakarta Utara,Automatic,even plate,0,0,1,0,0,0,0,0,0,0,0,265000000,5400000,https://img2.icarcdn.com/4643307/gallery_used-car-mobil123-honda-hr-v-e-suv-indonesia_4643307_j5ESo7Osovs07eH1xGqqfq.jpg?smia=xTM
RUSH S TRD SPORTIVO 1.5,Toyota,2020,9.823,Jakarta Barat,Manual,odd plate,0,0,1,0,0,0,0,0,0,0,0,234000000,4770000,https://mocil.id/uploads/vehicle/size-md-thumb-350--ItJp7p6yCR8Da9OPBsaDRLGqSFwez6FoI57ZvlfO.jpg
ERTIGA DREZA 1.4,Suzuki,2017,28.515,Jakarta Barat,Manual,odd plate,0,0,1,0,0,0,0,0,0,0,0,151000000,3080000,https://imgcdn.oto.com/medium/gallery/exterior/37/332/suzuki-ertiga-53732.jpg
RUSH S GR SPORT 1.5,Toyota,2021,34.441,Jakarta Selatan,Automatic,even plate,0,0,1,0,0,1,0,0,0,0,0,242000000,4930000,https://encrypted-tbn0.gstatic.com/images?q=tbn:ANd9GcQTGAeDMmiDXZB1fvvHx-PH-5h_FvkBZPvh3A&s
BRIO SATYA E 1.2,Honda,2018,50.958,Jakarta Barat,Manual,even plate,0,0,0,0,0,0,0,0,0,0,0,126000000,2570000,https://cdn.quicksell.co/-MTiWg9rwTFoT2TP9MYc/products/-N29R5DJ2NKzvX-kT_Bq.jpg
BRIO RS 1.2,Honda,2019,48.518,Jakarta Timur,Automatic,odd plate,0,0,1,0,0,0,0,1,0,0,0,178000000,3630000,https://www.static-src.com/wcsstore/Indraprastha/images/catalog/full//96/MTA-7521297/honda_honda_brio_rs_1-2_mt_full03_hiabr052.jpg
HR-V E 1.5,Honda,2017,73.73,Jakarta Selatan,Automatic,even plate,0,0,1,0,0,0,0,0,0,0,0,219000000,4460000,https://www.mocil.id/uploads/vehicle/4Qh3sjq0YFupPSY65RVZZ43PBaPEDa6WjtTUKGww.jpg
AGYA G TRD 1.2,Toyota,2018,45.947,Jakarta Timur,Automatic,even plate,0,0,0,0,0,0,0,0,0,0,0,127000000,2590000,https://encrypted-tbn0.gstatic.com/images?q=tbn:ANd9GcQo_7v2D18kDKskUGDpaQzYeWK26PTSp64kWw&s
RUSH S TRD SPORTIVO 1.5,Toyota,2018,34.555,Jakarta Timur,Automatic,odd plate,0,0,1,0,0,1,0,0,0,0,0,214000000,4360000,https://encrypted-tbn0.gstatic.com/images?q=tbn:ANd9GcQngxC6KTYxFP7lIQY7nV3Nt5eWXaBF3y8yZA&s
XPANDER ULTIMATE 1.5,Mitsubishi,2018,80.976,Jakarta Selatan,Automatic,even plate,0,0,1,0,0,0,0,0,0,0,1,213000000,4340000,https://www.mocil.id/diamondsmartauto/uploads/vehicle/lzgpR4hSL7QEplZ8CPiTUZ1ULNnu06gjdKEB8jrj.jpeg
ROCKY X 1.2,Daihatsu,2021,40.066,Jakarta Barat,Automatic,odd plate,0,0,1,0,0,1,0,0,0,0,0,191000000,3890000,https://imgcdn.oto.com/medium/gallery/exterior/7/2366/daihatsu-rocky-99265.jpg
SIRION M602RS 1.3,Daihatsu,2017,86.506,Jakarta Barat,Automatic,odd plate,0,0,0,0,0,0,0,0,0,0,0,124000000,2530000,https://img.cintamobil.com/resize/600x-/2023/11/03/20231103143755-a72d.png
SIRION M602RS 1.3,Daihatsu,2012,87.631,Jakarta Utara,Automatic,odd plate,0,0,0,0,0,0,0,0,0,0,0,88000000,1790000,https://img.cintamobil.com/crop/350x195/2023/08/23/20230823214754-055a.png
HR-V E 1.5,Honda,2019,58.95,Jakarta Timur,Automatic,even plate,0,0,1,1,0,0,0,0,0,0,0,264000000,5380000,"https://imgx.gridoto.com/crop/0x0:5447x3598/700x465/filters:watermark(file/2017/gridoto/img/watermark.png,5,5,60)/photo/2018/12/20/49296503.jpg"
XENIA R STD 1.3,Daihatsu,2019,33.937,Jakarta Barat,Manual,odd plate,1,0,1,0,0,0,0,0,0,0,0,168000000,3420000,https://images.autofun.co.id/file1/eeda7a72f6944d05b470ef020298d514_1125x630.jpg
SIENTA Q 1.5,Toyota,2017,58.365,Jakarta Pusat,Automatic,even plate,0,0,1,0,0,0,0,0,0,1,0,187000000,3810000,https://encrypted-tbn0.gstatic.com/images?q=tbn:ANd9GcTY1lyUR-VzG_Blm8I9waWA8Addig_Zw-8W1w&s
CALYA G 1.2,Toyota,2019,53.807,Jakarta Utara,Manual,odd plate,0,0,0,0,0,0,0,0,0,0,0,121000000,2470000,https://images.tokopedia.net/img/cache/700/OJWluG/2022/7/28/779300b2-4d4e-4505-9668-a2cc05664577.jpg
BRIO SATYA S 1.2,Honda,2016,28.625,Jakarta Timur,Manual,odd plate,0,0,0,0,0,0,0,0,0,0,0,112000000,2280000,https://imgcdn.oto.com/large/gallery/exterior/14/1995/honda-brio-front-angle-low-view-700459.jpg
2 GT SKYACTIV 1.5,Mazda,2015,66.182,Jakarta Barat,Automatic,even plate,1,0,0,0,1,0,0,0,0,0,0,181000000,3690000,https://mazdadealerbandung.com/wp-content/uploads/2019/03/Mazda2-gt.jpg
XPANDER ULTIMATE 1.5,Mitsubishi,2018,63.203,Jakarta Pusat,Automatic,even plate,0,0,1,0,0,1,0,0,0,0,0,210000000,4280000,https://assets.mitsubishi-motors.co.id/compress/products/colors/1642135848-ultimate-white-at-2x-minpng.webp
COLT L300 PICK UP 2.5,Mitsubishi,2022,1.065,Jakarta Utara,Manual,odd plate,0,0,0,0,0,0,0,0,0,0,0,177000000,3610000,https://cdn.quicksell.co/-MTiWg9rwTFoT2TP9MYc/products/-MiogPeIA2WuQefQVlSt.jpg
SX4 S-CROSS 1.5,Suzuki,2016,76.606,Jakarta Selatan,Automatic,even plate,0,0,1,0,0,0,1,0,0,0,0,160000000,3260000,https://www.static-src.com/wcsstore/Indraprastha/images/catalog/full//101/MTA-7474835/suzuki_suzuki_new_sx4_s-cross_1-5_mobil_full05_epf29d5v.jpg
AVANZA G 1.3,Toyota,2018,24.873,Jakarta Barat,Automatic,even plate,0,0,0,0,0,0,0,0,0,0,0,160000000,3260000,https://imgcdn.oto.com/large/gallery/exterior/38/1654/toyota-avanza-front-angle-low-view-844132.jpg
SIGRA M 1.0,Daihatsu,2019,18.826,Jakarta Utara,Manual,even plate,0,0,0,0,0,0,0,0,0,0,0,109000000,2220000,https://img.cintamobil.com/2019/09/18/KM1pHMws/daihatsu-sigra-2019-4-5c4e.jpeg
SIGRA R 1.2,Daihatsu,2022,8.817,Jakarta Pusat,Manual,even plate,1,0,0,0,0,0,0,0,0,0,0,136000000,2770000,https://imgcdn.oto.com/large/gallery/exterior/7/2234/daihatsu-sigra-front-angle-low-view-282430.jpg
BRIO SATYA E 1.2,Honda,2016,97.829,Jakarta Pusat,Manual,odd plate,0,0,0,0,0,0,0,0,0,0,0,118000000,2400000,https://img2.icarcdn.com/1719307/gallery_used-car-mobil123-honda-brio-satya-e-hatchback-indonesia_1719307_WTmyyVckUpQEMOWFKkr9a1.jpg?smia=xTM
BRIO SATYA E 1.2,Honda,2018,61.043,Jakarta Utara,Automatic,odd plate,0,0,0,0,0,0,0,1,0,0,0,142000000,2890000,https://img4.icarcdn.com/6668277/gallery_used-car-carmudi-honda-brio-satya-e-hatchback-indonesia_000006668277_4829e0c7_13c4_48b9_a543_84935bbef257.jpg?smia=xTM
2 R 1.5,Mazda,2019,37.929,Jakarta Utara,Automatic,even plate,0,0,1,0,0,0,0,0,0,0,1,220000000,4480000,https://carshow.id/storage/uploads/products/20220419_110428_625e34cc93a79.jpg
AGYA G TRD SPORTIVO 1.2,Toyota,2021,39.599,Jakarta Barat,Automatic,even plate,0,0,1,0,0,0,1,0,0,0,0,147000000,3000000,https://www.static-src.com/wcsstore/Indraprastha/images/catalog/full//115/MTA-48928489/toyota_toyota_agya_1-2_g_trd_at_2020_hitam_full01_f3f2gkgv.jpg
X-TRAIL 2.0,Nissan,2016,62.427,Jakarta Barat,Automatic,odd plate,0,0,1,0,0,0,1,0,0,0,0,199000000,4050000,https://imgcdn.oto.com/large/gallery/exterior/29/233/nissan-x-trail-front-angle-low-view-365973.jpg
CR-V TURBO PRESTIGE 1.5,Honda,2018,84.641,Jakarta Selatan,Automatic,odd plate,0,1,0,0,0,0,0,0,0,0,0,382000000,7780000,https://www.honda-jambi.com/image-product/img9-1627396962.jpeg
3 20I (CKD) 2.0,BMW,2019,47.554,Jakarta Selatan,Automatic,even plate,0,0,0,0,1,0,0,1,0,0,0,446000000,9090000,https://img.cintamobil.com/resize/600x-/2023/04/18/20230418121055-9945.jpg
MARCH 1.5,Nissan,2015,37.414,Jakarta Utara,Manual,even plate,0,0,1,0,0,0,1,0,0,0,0,113000000,2300000,"https://imgx.gridoto.com/crop/0x624:853x1077/700x500/filters:watermark(file/2017/gridoto/img/watermark_otoseken.png,5,5,60)/photo/2021/01/25/3989476884.jpeg"
IGNIS GX 1.2,Suzuki,2019,20.613,Jakarta Utara,Automatic,odd plate,1,0,0,0,0,0,0,0,0,0,0,145000000,2950000,https://www.static-src.com/wcsstore/Indraprastha/images/catalog/full/catalog-image/MTA-144971390/suzuki_suzuki_new_ignis_1-2_gx_two_tone_mobil_-paket_dp_spesial-_full01_dldtclb7.jpg
SIGRA R STD 1.2,Daihatsu,2019,40.938,Jakarta Barat,Manual,even plate,0,0,0,0,0,0,0,0,0,0,0,122000000,2490000,https://imgcdn.oto.com/large/gallery/exterior/7/2234/daihatsu-sigra-front-angle-low-view-282430.jpg
MARCH 1.2,Nissan,2016,72.14,Jakarta Barat,Manual,odd plate,0,0,0,0,0,0,0,0,0,0,0,101000000,2060000,https://imgcdn.oto.com/large/gallery/exterior/29/1675/nissan-march-front-angle-low-view-218592.jpg
BRIO E 1.3,Honda,2012,88.614,Jakarta Pusat,Manual,odd plate,0,0,0,0,0,0,0,0,0,0,0,102000000,2080000,https://cdn.quicksell.co/-N3Ez7LYMB96CwVGXWn2/products/-NY3lduFaSfmlv2wmL4H.jpg
XPANDER ULTIMATE 1.5,Mitsubishi,2019,51.777,Jakarta Barat,Automatic,even plate,0,0,1,0,0,0,0,0,0,0,1,222000000,4520000,https://assets.mitsubishi-motors.co.id/compress/products/colors/1642135848-ultimate-white-at-2x-minpng.webp
MOBILIO E 1.5,Honda,2017,93.915,Jakarta Utara,Automatic,even plate,1,0,0,0,0,0,0,1,0,0,0,159000000,3240000,https://imgcdn.oto.com/large/gallery/exterior/14/98/honda-mobilio-front-angle-low-view-192461.jpg
SIENTA Q 1.5,Toyota,2017,66.91,Jakarta Timur,Automatic,odd plate,0,0,1,0,0,0,0,0,0,1,0,191000000,3890000,https://imgcdn.oto.com/large/gallery/exterior/38/1316/toyota-sienta-front-angle-low-view-433415.jpg
XL7 ZETA GL 1.5,Suzuki,2020,35.449,Jakarta Utara,Automatic,odd plate,1,0,0,0,0,0,0,0,0,0,0,192000000,3910000,https://imgcdn.oto.com/medium/gallery/exterior/37/2220/suzuki-xl7-12009.jpg
RUSH S TRD SPORTIVO 1.5,Toyota,2018,81.269,Jakarta Selatan,Automatic,even plate,0,0,1,0,0,1,0,0,0,0,0,210000000,4280000,https://imgcdn.oto.com/large/gallery/exterior/38/1900/toyota-rush-front-angle-low-view-732737.jpg
IGNIS GX 1.2,Suzuki,2017,81.783,Jakarta Utara,Automatic,odd plate,0,0,1,0,0,0,1,0,0,0,0,131000000,2670000,https://www.static-src.com/wcsstore/Indraprastha/images/catalog/full/catalog-image/MTA-144971390/suzuki_suzuki_new_ignis_1-2_gx_two_tone_mobil_-paket_dp_spesial-_full01_dldtclb7.jpg
XL7 ALPHA 1.5,Suzuki,2020,52.96,Jakarta Timur,Automatic,even plate,0,0,1,0,0,0,1,0,0,0,0,218000000,4440000,https://www.static-src.com/wcsstore/Indraprastha/images/catalog/full//105/MTA-35979007/suzuki_suzuki_xl7_alpha_1-5_mobil_-paket_tdp_-_full01_nlbd1jmm.jpg
LIVINA VL 1.5,Nissan,2019,39.145,Jakarta Timur,Automatic,odd plate,0,0,1,0,0,1,0,0,0,0,0,202000000,4120000,https://imgcdn.oto.com/medium/gallery/exterior/29/2051/nissan-livina-31642.jpg
AGYA G TRD 1.2,Toyota,2019,26.474,Jakarta Utara,Automatic,odd plate,0,0,0,0,0,0,0,0,0,0,0,136000000,2770000,"https://imgx.gridoto.com/crop/85x97:1109x609/700x465/filters:watermark(file/2017/gridoto/img/watermark_otomotifnet.png,5,5,60)/photo/2020/05/03/2001940669.jpeg"
CALYA G 1.2,Toyota,2017,34.349,Jakarta Utara,Manual,even plate,0,0,0,0,0,0,0,0,0,0,0,116000000,2360000,https://imgcdn.oto.com/medium/gallery/exterior/38/2233/toyota-calya-62910.jpg